,Scenario_name,SAF1,SAF2,SAF2_1,SAF3,SAF4,SAF5,SAF6,SAF6_1,SAF6_2,SAF6_3,SAF6_4,SAF6_5,SAF6_6,SAF6_7,#Aircraft_number,#Succeful_aircraft_number,#Spawned_aircraft_number,AEQ1,AEQ1_1,AEQ2,AEQ2_1,AEQ3,AEQ4,AEQ5,AEQ5_1,CAP1,ENV1,EFF1,EFF2,EFF3,EFF4,EFF5,EFF6,PRI1,PRI2,CAP2,SAF1_2,CAP3,CAP4,ENV2,ENV4,ENV3_2
0,1_high_40_0_,14,7,0,50.0,0.2783388,20.5,8,7,5,2,1,1,1,3,8,7,7,1,12.5,0,0.0,198.47912820445472,277.2559608109452,6,75.0,217.36525791442338,5838.634946,78.8265410597293,1.3278443176771344,1.7099923091220486,76.94862608858669,70.20517081726987,0.7142857142857143,12187.5,129418.93257487999,1.0,2.0,,,35.36179879259484,9.028269606675853,2
1,3_high_40_0_,14,7,0,50.0,0.2783388,20.5,8,7,5,2,1,1,1,3,8,7,7,1,12.5,0,0.0,198.47912820445472,277.2559608109452,6,75.0,217.36525791442338,5838.634946,78.8265410597293,1.3278443176771344,1.7099923091220486,76.94862608858669,70.20517081726987,0.7142857142857143,12187.5,129418.93257487999,1.0,2.0,,,35.36179879259484,9.028269606675853,2
2,2_high_40_0_,14,7,0,50.0,0.2783388,20.5,8,7,5,2,1,1,1,3,8,7,7,1,12.5,0,0.0,198.47912820445472,277.2559608109452,6,75.0,217.36525791442338,5838.634946,78.8265410597293,1.3278443176771344,1.7099923091220486,76.94862608858669,70.20517081726987,0.7142857142857143,12187.5,129418.93257487999,1.0,2.0,,,35.36179879259484,9.028269606675853,2
